{
  "success": true,
  "result": {
    "buy": [
      {
        "Quantity": 0.13738038,
        "Rate": 0.01905141
      },
      {
        "Quantity": 26.18110236,
        "Rate": 0.01905
      }
    ],
    "sell": [
      {
        "Quantity": 0.24215279,
        "Rate": 0.01983319
      },
      {
        "Quantity": 0.10284585,
        "Rate": 0.0198345
      },
      {
        "Quantity": 0.12325743,
        "Rate": 0.01983709
      }
    ]
  }
}
